outer_fold,h_star,alpha_star,Etest_ann,Etest_baseline
1,1,10.0,3.428125916749139,4.169187934942292
2,2,10.0,3.0395553972291807,3.327379293938319
3,16,10.0,3.0954668728872328,3.20912263864452
4,2,10.0,4.013582624833468,5.087057065360307
5,1,10.0,4.657238247829707,5.767787609394352 
