outer_fold,h_star,alpha_star,Etest_ann
1,24,1e-06,0.3191489361702128
2,24,1.0,0.3829787234042553
3,16,1.0,0.32608695652173914
4,16,1.0,0.3913043478260869
5,24,1e-06,0.23913043478260865
6,24,1e-06,0.21739130434782605
7,24,1e-06,0.32608695652173914
8,16,1.0,0.4130434782608695
9,24,1.0,0.30434782608695654
10,16,1e-06,0.3695652173913043
